{"graph": {"_type": "graph-file", "sha256": "8ca18aaa8be1deab06bc7865464d76d1051040ca2451181bd922c349742edccd", "size": 1098, "path": "media/graph/graph_summary_8ca18aaa8be1deab06bc.graph.json"}, "epoch": 9, "_timestamp": 1666026851.035729, "loss": 0.012328611686825752, "accuracy": 0.9958833456039429, "val_loss": 0.062138911336660385, "val_accuracy": 0.9854000210762024, "_runtime": 94.00959086418152, "_step": 9, "best_val_loss": 0.051941655576229095, "best_epoch": 5, "_wandb": {"runtime": 92}}