{"graph": {"_type": "graph-file", "sha256": "b1f3b0958f00118484c0ebfa23dc94f6319fe384e5305837424ce9741185c4d0", "size": 1084, "path": "media/graph/graph_summary_b1f3b0958f00118484c0.graph.json"}, "epoch": 9, "_timestamp": 1665951669.157372, "loss": 0.007777622900903225, "accuracy": 0.9974666833877563, "val_loss": 0.08602094650268555, "val_accuracy": 0.9847000241279602, "_runtime": 103.31492304801941, "_step": 9, "best_val_loss": 0.06439251452684402, "best_epoch": 3, "_wandb": {"runtime": 102}}