{"graph": {"_type": "graph-file", "sha256": "b1f3b0958f00118484c0ebfa23dc94f6319fe384e5305837424ce9741185c4d0", "size": 1084, "path": "media/graph/graph_summary_b1f3b0958f00118484c0.graph.json"}, "epoch": 9, "_timestamp": 1665948289.101969, "loss": 0.013674790039658546, "accuracy": 0.9953333139419556, "val_loss": 0.07257171720266342, "val_accuracy": 0.9839000105857849, "_runtime": 100.84453010559082, "_step": 9, "best_val_loss": 0.05399879068136215, "best_epoch": 5, "_wandb": {"runtime": 3368}}