{"graph": {"_type": "graph-file", "sha256": "940429a53373210cecb9780983792d387c8eda68b8b0526e63656d56adb2ba88", "size": 1589, "path": "media/graph/graph_summary_940429a53373210cecb9.graph.json"}, "epoch": 9, "_timestamp": 1666027275.668617, "loss": 0.017972812056541443, "accuracy": 0.9949666857719421, "val_loss": 0.048942387104034424, "val_accuracy": 0.9897000193595886, "_runtime": 419.5075719356537, "_step": 9, "best_val_loss": 0.038558974862098694, "best_epoch": 4, "_wandb": {"runtime": 418}}