{"graph": {"_type": "graph-file", "sha256": "9d8ea818dd1b7d871a50ede126e2ae37446ab0d7519715e3152cf1ab37e8fe3a", "size": 1674, "path": "media/graph/graph_summary_9d8ea818dd1b7d871a50.graph.json"}, "epoch": 9, "_timestamp": 1665952563.538389, "loss": 0.007513878867030144, "accuracy": 0.9978833198547363, "val_loss": 0.13303543627262115, "val_accuracy": 0.9846000075340271, "_runtime": 102.28591799736023, "_step": 9, "best_val_loss": 0.11176960170269012, "best_epoch": 2}