{"graph": {"_type": "graph-file", "sha256": "b1f3b0958f00118484c0ebfa23dc94f6319fe384e5305837424ce9741185c4d0", "size": 1084, "path": "media/graph/graph_summary_b1f3b0958f00118484c0.graph.json"}, "epoch": 9, "_timestamp": 1665952041.385247, "loss": 0.006291085388511419, "accuracy": 0.9982666373252869, "val_loss": 0.11521032452583313, "val_accuracy": 0.9854999780654907, "_runtime": 97.24171209335327, "_step": 9, "best_val_loss": 0.09042463451623917, "best_epoch": 0, "_wandb": {"runtime": 511}}