{"graph": {"_type": "graph-file", "sha256": "0b7082701fb8b1530eb2df07604e656979eed7dcabbecff72ad008ae1dbdb8c1", "size": 1597, "path": "media/graph/graph_summary_0b7082701fb8b1530eb2.graph.json"}, "epoch": 9, "_timestamp": 1666027697.16239, "loss": 0.055141571909189224, "accuracy": 0.9827166795730591, "val_loss": 0.04432689771056175, "val_accuracy": 0.9890000224113464, "_runtime": 415.5137860774994, "_step": 9, "best_val_loss": 0.034739308059215546, "best_epoch": 4, "_wandb": {"runtime": 414}}