{"graph": {"_type": "graph-file", "sha256": "38c28c5f35dcef75e7529758aa4f66b99fbf4114d325623ae863d1f4bf799469", "size": 1597, "path": "media/graph/graph_summary_38c28c5f35dcef75e752.graph.json"}, "epoch": 9, "_timestamp": 1666028280.2733738, "loss": 0.05573486164212227, "accuracy": 0.9835166931152344, "val_loss": 0.047193922102451324, "val_accuracy": 0.9886999726295471, "_runtime": 418.6890637874603, "_step": 9, "best_val_loss": 0.0349954254925251, "best_epoch": 3, "_wandb": {"runtime": 426}}